Set,Subset,Device_ID,X,Y
1,1,0,14.260714596148743,17.34027960663655
1,1,1,24.01672517614813,29.548647782429917
1,1,2,27.99264218662403,15.308767414437037
1,1,3,19.563633644393065,6.479175279631736
1,1,4,5.618101782710437,23.979877262955547
1,1,5,3.185086660174142,2.7510676478015075
1,1,6,12.486639612006327,2.727374508106509
1,1,7,15.871254182522993,25.621088666940683
1,1,8,10.979909127171076,17.33991780504304
1,1,9,22.871346474483566,4.368437102970629
1,2,0,29.47882960896207,0.23454610111790897
1,2,1,17.733541316820936,15.469699386833378
1,2,2,13.899882986906913,14.417580365240237
1,2,3,24.149949866739313,26.330421154764785
1,2,4,20.86590911359861,23.51550491729987
1,2,5,14.133026335272792,18.615381990390176
1,2,6,23.095381985836198,4.444102585561236
1,2,7,6.757488779543145,15.239493783303214
1,2,8,27.497923676042465,21.37733811736867
1,2,9,8.44932326768309,25.248952782381874
1,2,10,10.909079937846313,12.66800773017227
1,2,11,5.927253540027216,7.812513900387355
1,2,12,26.20980165206071,4.1399877303381505
1,2,13,23.801267484957723,2.4790040859450375
1,2,14,24.10551371530027,6.351022210595544
1,2,15,0.19897441739799793,18.463407384332235
1,2,16,12.634271618924977,4.898111532087531
1,2,17,17.60046980261658,18.119124943022832
1,2,18,6.746312000546485,8.55665961608099
1,2,19,10.204613078816696,20.78124753809874
1,3,0,16.618371404899566,26.33326707814573
1,3,1,4.877749830401205,23.419157963542446
1,3,2,21.155743845534445,24.501056347656352
1,3,3,12.055081153486716,1.6507788679151514
1,3,4,22.62856036747054,17.418319308810066
1,3,5,8.09013362873476,12.270221488837397
1,3,6,18.739383437233123,27.121805693466253
1,3,7,21.261165047231685,10.545284383427667
1,3,8,2.7985508832905377,3.4190274381291252
1,3,9,1.7939136890745255,15.381286901161427
1,3,10,24.546156168956706,16.154698647431896
1,3,11,28.613497108891394,28.945464785138597
1,3,12,10.94409267507096,26.564507699318415
1,3,13,7.08322387742924,21.413115275378246
1,3,14,13.308191138644897,22.840992440729913
1,3,15,15.471437785301013,18.431972482374338
1,3,16,19.7153397161449,19.34627179370652
1,3,17,13.4413694988524,0.10428195796786055
1,3,18,13.388384977349666,6.406616829393845
1,3,19,0.9533752542903545,25.698671808344926
1,3,20,29.143645558687787,3.7767344373804623
1,3,21,12.111602327460938,12.910958748845152
1,3,22,16.797980510005242,14.57673124081441
1,3,23,4.664734825734933,26.411775729253463
1,3,24,18.331617157060954,5.454444035689409
1,3,25,20.06422757105442,14.436709424131669
1,3,26,22.661209538663485,7.781859326150491
1,3,27,19.848043980311328,7.4587275883857815
1,3,28,9.563362070328196,22.40693394546586
1,3,29,13.071908852815765,4.770052124577958
1,4,0,2.41212077126248,12.73835115741267
1,4,1,4.811700974576038,25.36406607153699
1,4,2,24.899760690512686,20.238143619189913
1,4,3,22.944758675340097,28.30629636397676
1,4,4,26.922169553124725,14.106878765293715
1,4,5,18.869124415727335,20.08544686573051
1,4,6,18.627784363506777,26.698133187864357
1,4,7,2.7977776559978134,20.801030194508062
1,4,8,8.863394147823627,17.0628141621899
1,4,9,0.6116271233214587,29.050949831051017
1,4,10,28.160090300714714,24.49652185909902
1,4,11,0.24881743391784228,16.702102818608836
1,4,12,28.506270857449955,17.424430711419205
1,4,13,28.3806983276567,9.682084438607518
1,4,14,9.779418892539008,1.4051215174213871
1,4,15,29.595158321286682,4.211585436612837
1,4,16,28.458236369299904,16.262099474925733
1,4,17,0.0759237576932803,9.74449348570822
1,4,18,1.3543465508161245,24.677591856141746
1,4,19,23.328012173991937,28.456653899288657
1,4,20,8.231006840498791,9.86419338450515
1,4,21,27.258333003018237,25.88933518305359
1,4,22,10.163465427634236,20.115995265753877
1,4,23,22.539556396577883,14.30892865503881
1,4,24,9.09643589489385,10.682688320213037
1,4,25,7.681395874489215,28.87040427417844
1,4,26,9.952526536620837,11.197371076770363
1,4,27,16.396541517088487,24.630474692314316
1,4,28,12.52953743383857,17.61549643507487
1,4,29,8.036620261121378,18.39743662796907
1,4,30,0.13795577424944472,3.558736312452001
1,4,31,18.978035515225884,2.9286448169706674
1,4,32,13.478312827906189,3.3640396419083967
1,4,33,18.659844650686253,10.83678172892258
1,4,34,23.653558269395386,13.722965853306729
1,4,35,20.515737045891502,7.387765407282958
1,4,36,10.378427965390399,8.524629050032074
1,4,37,1.5220731429904815,4.880995472389015
1,4,38,24.467079389958943,2.6566601911057344
1,4,39,20.896465870001407,0.3647394964718076
1,5,0,11.367691656965537,6.507774738569595
1,5,1,7.670135982914067,23.13966952061365
1,5,2,12.831908760165108,5.619189219397068
1,5,3,15.397669658124327,2.9368670218394466
1,5,4,27.847347617824834,8.184251839739025
1,5,5,19.84434709411869,23.238399970591807
1,5,6,29.637781191938018,17.346555640066292
1,5,7,6.2940009364168485,7.374238126752485
1,5,8,25.891370005839924,17.599414801062686
1,5,9,10.52950315886555,15.560222831238216
1,5,10,24.880404474284177,14.121972131647878
1,5,11,20.822548893097828,1.4166444113389258
1,5,12,15.775225817529115,29.439726220168875
1,5,13,13.698608288347069,21.9839702719869
1,5,14,16.28021197490652,15.380261151231863
1,5,15,3.715964842517362,7.102076561708485
1,5,16,11.068453750436527,10.554867890700356
1,5,17,0.5391341069511313,24.343357137285004
1,5,18,23.632112668138184,0.2733273847732459
1,5,19,8.67420211494261,18.23731541245265
1,5,20,5.339590179768924,2.5980280486502276
1,5,21,22.547043878701317,6.873793357372749
1,5,22,8.31531078767101,7.112607436309878
1,5,23,24.5614485224731,21.134294166214048
1,5,24,24.387898735713545,9.649323276635297
1,5,25,22.97031947352222,27.539701807683088
1,5,26,0.610932034784552,0.6795601465806678
1,5,27,29.103453621374364,1.5116700206613998
1,5,28,7.522744420307994,19.298118781924266
1,5,29,19.062483768931113,24.90296065076597
1,5,30,5.069927352773037,16.90590768977827
1,5,31,9.749458961666477,15.457503749085742
1,5,32,17.444016406221444,5.791539567011614
1,5,33,22.74450522451793,18.75364347246893
1,5,34,21.584571310584543,19.19900845418914
1,5,35,0.6900396303262912,9.526404763014657
1,5,36,24.636289173094735,13.580259629340956
1,5,37,1.409729097613035,26.54990329647916
1,5,38,11.974427684501627,23.862498908535162
1,5,39,11.936890041541515,27.339008409894873
1,5,40,0.21590232944633803,5.977571015960602
1,5,41,16.058531211006446,14.417858457358713
1,5,42,5.63374428959916,22.833648900822066
1,5,43,23.78663371910195,1.0404195131274818
1,5,44,9.175811193515283,1.467512409765022
1,5,45,13.350080127263494,20.402859621168943
1,5,46,16.17684572013399,29.32297920994791
1,5,47,23.109526824151597,25.43961309140547
1,5,48,26.927792921530553,25.718938840500932
1,5,49,1.7410896076037434,9.237751470783246
2,1,0,10.15154856636455,16.249266167928894
2,1,1,26.055533351865133,10.587472258180417
2,1,2,14.352013276896844,22.395384866577075
2,1,3,16.375562208877216,18.190918425363435
2,1,4,13.963936585309389,14.938968630454937
2,1,5,1.7019690302617203,14.613723128016153
2,1,6,23.30554578518701,26.71944075706804
2,1,7,24.036613888516783,29.192918143225356
2,1,8,5.323577856940809,22.237814244639637
2,1,9,15.83806732016025,8.188736552474834
2,2,0,23.376063746037076,15.170304671511285
2,2,1,0.8445491352275603,8.750531476457395
2,2,2,10.593633407347443,20.559632206003364
2,2,3,1.2725657112778788,29.20872866075788
2,2,4,28.028986922841902,0.6473986792586417
2,2,5,1.7822687440210787,14.43258822711813
2,2,6,20.643893782963737,28.59531577642104
2,2,7,16.25251075048003,16.66796223459227
2,2,8,29.548182400614586,1.106948471030983
2,2,9,7.029909629911894,11.19067318898135
2,2,10,26.300672778884124,21.363330138704644
2,2,11,14.799593677517631,29.790015957343066
2,2,12,18.35393757779179,13.367146705471066
2,2,13,1.7628937016565733,5.623058692855561
2,2,14,12.327900889355343,20.614061936341805
2,2,15,26.65720373891155,22.389376564362887
2,2,16,9.738154531740953,4.285681294227911
2,2,17,29.44833809160917,7.915516636294498
2,2,18,15.182317120347244,14.894471941789504
2,2,19,1.2202317096284965,27.191993508862538
2,3,0,25.891812661077722,3.1084147351208467
2,3,1,2.0077817820094976,8.77724298488208
2,3,2,16.997776878356245,23.27381808816105
2,3,3,8.536222037486215,8.015194125441946
2,3,4,19.064364637726946,28.14992228888689
2,3,5,21.24958586607719,26.664034256028383
2,3,6,5.034900971954448,21.798612702432465
2,3,7,3.440921185574245,24.041728230349477
2,3,8,9.702725425030858,19.196452607534184
2,3,9,5.824025759848083,21.168100813082795
2,3,10,18.075679927597875,4.0300872303796105
2,3,11,16.143005693987448,17.472513917055014
2,3,12,5.917826979121948,20.405176428079024
2,3,13,23.717439317712394,22.205551227995322
2,3,14,12.437463310597716,10.37571595753368
2,3,15,0.9526774438500202,11.248661242049577
2,3,16,20.667758239136795,11.35498698258343
2,3,17,28.787648277533393,29.779290759982565
2,3,18,16.241226300529593,20.65108454906911
2,3,19,11.243674499641081,0.20507947240495927
2,3,20,2.545198558433483,15.484739266644757
2,3,21,26.35621803063684,13.173310012187883
2,3,22,18.771636592676977,0.33277113045452444
2,3,23,0.8679584663656109,18.989068874463584
2,3,24,29.107977407030752,21.168826748780535
2,3,25,5.8948417346828865,1.1303859052869347
2,3,26,18.616272484944478,0.7034470168682988
2,3,27,1.6013409890382657,18.89924794281394
2,3,28,19.12097695538863,7.472477799688394
2,3,29,0.5523280145398707,13.697486283864643
2,4,0,2.354665240742906,11.399331134063784
2,4,1,4.951492699652331,1.267755115210229
2,4,2,7.674855203208918,3.5417479967610648
2,4,3,25.80774092087197,5.957457487561237
2,4,4,25.465013605453976,20.1762394173358
2,4,5,4.823741470200435,8.959171233831459
2,4,6,5.659289478631089,7.968986309603011
2,4,7,26.24424348012881,1.3380649306808428
2,4,8,25.307482581049968,8.459476380282545
2,4,9,10.316770756441246,13.860626386611496
2,4,10,17.701009085239477,20.214288217240252
2,4,11,15.935120437668623,1.5730374979872135
2,4,12,23.05895125071105,29.596655239051564
2,4,13,21.00450733365422,27.32685955266674
2,4,14,28.00822471612085,3.4982461732470185
2,4,15,4.469391773129257,20.211201123381215
2,4,16,27.66661008950443,12.610649788168967
2,4,17,13.413258943438887,0.038925365754698404
2,4,18,8.322234128133385,21.890202119192587
2,4,19,7.217180910844398,8.048859689809987
2,4,20,20.31220006189688,5.143902964173904
2,4,21,23.771491589237307,18.357735988594808
2,4,22,1.3650313657699542,27.631371225280645
2,4,23,22.72854082296316,20.33987226407979
2,4,24,13.657069176049095,24.31208526633137
2,4,25,6.763656711241566,15.687918996069495
2,4,26,10.46462807240195,23.694749017076077
2,4,27,15.457082291003912,8.030033460232852
2,4,28,28.114764072816257,23.016352555987844
2,4,29,21.901787384753582,24.029030933114402
2,4,30,25.447521993406184,15.477070222277478
2,4,31,17.2160863785934,11.061078091407287
2,4,32,7.854034140225168,18.136961866177714
2,4,33,16.996753928812176,2.734258177139371
2,4,34,1.9312259744946587,13.024516605533803
2,4,35,21.174918215362922,23.23072963811113
2,4,36,10.895955489753424,26.533766119730963
2,4,37,11.947076635108159,20.123448156848177
2,4,38,8.211694603486674,15.993539667777988
2,4,39,1.3843587934311912,14.793854938002227
2,5,0,18.819609821456456,17.718495992484904
2,5,1,10.029648298866466,19.329458298603836
2,5,2,17.08908108995081,11.436880286110359
2,5,3,18.727337097216985,11.959430486693304
2,5,4,17.275123195991267,1.9123299349797362
2,5,5,21.177613712209027,17.096585649394342
2,5,6,19.835307674620843,25.963012128054665
2,5,7,12.982606888409704,22.614155680266826
2,5,8,5.654166441373613,14.097481854202126
2,5,9,8.351443395208946,17.315440729113035
2,5,10,17.016220154084614,27.459291116815937
2,5,11,23.934581109117666,23.617096697698678
2,5,12,24.301091338927705,5.131226230738612
2,5,13,6.940196785044097,9.415620796071268
2,5,14,5.3824572618525375,5.758368320598171
2,5,15,2.4639869689648943,11.214140702643768
2,5,16,12.218620803470731,7.540805851387187
2,5,17,26.91037783905444,13.151484551426242
2,5,18,26.403417898345296,26.116809739350884
2,5,19,29.84940348584918,16.864458352283172
2,5,20,12.256081064239199,18.636145986226204
2,5,21,12.248991592073656,9.363569938709881
2,5,22,13.158008112196624,8.153292916709828
2,5,23,20.023584219856293,8.548345273069748
2,5,24,9.977958310443002,3.48319042720226
2,5,25,15.950624557091515,29.47540365999769
2,5,26,5.967833985686124,19.855188546063655
2,5,27,20.23302399814493,26.929009677898353
2,5,28,27.148116687819524,29.075106852315567
2,5,29,28.408388745764363,1.6594760543281084
2,5,30,2.8056562283628503,20.049064172908807
2,5,31,5.886676611339531,13.597081664468204
2,5,32,15.502986521036691,3.4387709284896224
2,5,33,23.001916379644825,12.318859570080193
2,5,34,22.073642828252375,27.62743165137408
2,5,35,13.940639836913787,23.718573321339186
2,5,36,2.563313810850987,24.159300636624486
2,5,37,8.574190342048498,22.217101527822262
2,5,38,4.199686404904263,22.98884148827379
2,5,39,25.22254083335894,15.997444010501663
2,5,40,3.8685424056740976,16.722552371088053
2,5,41,19.675831016933223,5.959309358405509
2,5,42,28.94293716371739,18.024409800716167
2,5,43,26.159194388590155,2.248761410231607
2,5,44,6.587023628553276,1.753470610625461
2,5,45,7.84598137153679,13.493618599118527
2,5,46,2.4548391429855676,4.520668112462131
2,5,47,14.542056499130533,21.38154657924625
2,5,48,26.82895816836796,12.696784376017773
2,5,49,11.542393997879053,15.777353052336403
3,1,0,3.5385905189262177,27.56236183503738
3,1,1,27.952772109194356,6.985501834782198
3,1,2,11.816848330717386,1.7140095008353162
3,1,3,9.055822975952085,6.217568763054415
3,1,4,18.410934313156687,26.163744777649335
3,1,5,19.67166396068462,20.689585475783232
3,1,6,28.844403476977273,7.212554671336103
3,1,7,24.11841590691388,18.08369712563456
3,1,8,2.4828076555093466,19.982196189824084
3,1,9,1.842161727686007,17.79481319241181
3,2,0,10.710887996847424,11.48034421599361
3,2,1,7.914715952171788,1.5447221899697328
3,2,2,12.548472199384994,8.016838368858703
3,2,3,3.190211765118394,27.90948026836101
3,2,4,21.40183358005124,20.66588921160254
3,2,5,19.493938676497155,20.240804985739995
3,2,6,20.015442169657234,7.898676999889406
3,2,7,8.811804063511115,7.216319225813789
3,2,8,4.163807589441272,21.884834820255197
3,2,9,16.13255045705834,12.011246572291816
3,2,10,19.084527820804492,12.596832891848559
3,2,11,4.410670188314573,7.455179232318735
3,2,12,26.298693311211764,14.683971534239419
3,2,13,7.727605236102189,23.02604578400488
3,2,14,20.959771731863967,24.374639805765785
3,2,15,17.766943071282842,26.99673033111404
3,2,16,28.461456147283265,13.004906400172853
3,2,17,3.301458211216456,23.359580533350716
3,2,18,11.707435613191315,29.633119735241344
3,2,19,19.649053894029166,22.02347742662069
3,3,0,24.36223361773701,28.027019638468694
3,3,1,21.541897937029752,26.997828839209728
3,3,2,28.500279627721575,6.281557873381097
3,3,3,29.22679960443235,15.337039624801761
3,3,4,1.2826279628170212,20.12726027546814
3,3,5,19.020954612343143,17.101697636496787
3,3,6,23.2807077127797,28.418283403411372
3,3,7,18.09631907640905,9.975550118193832
3,3,8,3.11829382719041,18.891351501469387
3,3,9,13.445037277816796,28.390075666154623
3,3,10,9.50217329739221,4.084609897790534
3,3,11,0.39798305810729573,20.695386122509003
3,3,12,8.124513219913004,2.5751892877245526
3,3,13,23.3126700377369,13.108351163437728
3,3,14,17.05328445103211,13.716179188874397
3,3,15,26.454086912396413,19.030160390774192
3,3,16,2.090341111092362,13.714482098407485
3,3,17,2.7215315263469595,23.854424137722116
3,3,18,24.771305825277963,8.961196532554624
3,3,19,7.885352734540287,4.11082831030809
3,3,20,0.19502885266104053,27.261653426076613
3,3,21,12.523953551989488,1.766266243352117
3,3,22,3.868315281498034,0.275860148212001
3,3,23,3.0747644312373144,23.745623414545385
3,3,24,21.141174782868607,22.311467973742705
3,3,25,14.766032710553281,8.647747132713803
3,3,26,4.3972159539151985,21.321368258887468
3,3,27,19.416986393128767,21.3782025670385
3,3,28,27.446127055608024,9.0077529065048
3,3,29,15.164937429877208,2.6305691793517436
3,4,0,13.878724761234988,7.113213249861957
3,4,1,5.013658362254413,26.991238184534687
3,4,2,8.952642733753338,27.286534765112997
3,4,3,3.933960664497376,22.432369743092977
3,4,4,20.414608454100403,27.098417217921746
3,4,5,4.460235110588261,8.944048177230796
3,4,6,16.373731099899512,24.88175050066076
3,4,7,10.461304008702598,0.5551145207323893
3,4,8,10.583627587735327,14.16399733670151
3,4,9,19.729355067459153,0.3190411627558071
3,4,10,2.708630176910003,12.930639764839702
3,4,11,11.56368305618733,25.4204470628164
3,4,12,20.098124456520992,3.4943921213045064
3,4,13,28.094187538146123,29.160890095299198
3,4,14,26.860847472584453,7.93405701040818
3,4,15,1.5989737970065772,19.08217705844944
3,4,16,29.253560307312036,18.745020132887788
3,4,17,0.5091896787869826,12.43373211226016
3,4,18,16.154298024438138,13.289666223542808
3,4,19,23.092369385630057,13.12052509026299
3,4,20,25.444331638172095,9.237947822734569
3,4,21,25.87150157293142,0.3660117233480703
3,4,22,0.7713872022637552,21.522410079056193
3,4,23,23.12851421067537,29.815020119949708
3,4,24,8.519178458289442,12.668240978026056
3,4,25,17.052279463784423,27.73793477347979
3,4,26,28.75970363193364,25.384148467767787
3,4,27,8.926168960503823,25.32603594641604
3,4,28,17.776993932579295,18.318141627294033
3,4,29,15.980345111984136,13.051483108513949
3,4,30,0.4677470259192701,25.92283134305405
3,4,31,7.445493708018545,18.6960304985866
3,4,32,25.98337329614342,15.591402170527589
3,4,33,13.732324463820628,4.786507098648834
3,4,34,14.565873677480516,1.8085032866591821
3,4,35,1.1270667260371314,23.853460003036307
3,4,36,21.690086594369337,22.34137445464711
3,4,37,24.38837064655514,11.98174853660498
3,4,38,13.865942930647956,3.450132559315546
3,4,39,19.781287543981048,14.086015477693442
3,5,0,13.022412060773204,6.982050131549753
3,5,1,23.342726025596356,4.250144223983724
3,5,2,22.150152424955525,29.431829588880746
3,5,3,3.458537937075285,22.87547251290402
3,5,4,15.665649952998551,16.642032900816808
3,5,5,12.56738602924868,23.959111086455117
3,5,6,13.5977057916687,3.580350469515263
3,5,7,11.150292343404363,24.446668844942295
3,5,8,8.156683619960988,10.484861070593816
3,5,9,21.86148146660561,25.435714392746252
3,5,10,18.429377422873852,0.13608606979087445
3,5,11,5.761359172368744,29.945036637100863
3,5,12,9.01197669663297,29.359053944749885
3,5,13,24.34406074402678,28.973842324784847
3,5,14,19.094390622844724,22.98903779101143
3,5,15,19.896503647549395,2.692459851357501
3,5,16,12.967393204610227,2.8383230967750883
3,5,17,28.4238216184176,18.789736409413276
3,5,18,7.741185306654249,5.010133181178568
3,5,19,0.9747961422434104,18.244860345548304
3,5,20,15.016801672201643,1.9267307713978705
3,5,21,1.8050814305249392,22.72871886472089
3,5,22,6.023703546382312,22.773905500145883
3,5,23,0.9227553935885258,2.3601098955378896
3,5,24,26.349537056774018,0.27641578107326203
3,5,25,13.555859507629057,27.393085436909487
3,5,26,28.630519639040518,12.280191307497626
3,5,27,15.077177561320722,1.7376578517038648
3,5,28,16.261473367019768,5.882268171677949
3,5,29,21.9507112232343,19.935770480548065
3,5,30,28.461542220693058,15.531335526278177
3,5,31,9.931680151598469,1.58751140742876
3,5,32,15.522977403507374,19.2208644086629
3,5,33,27.782903000205117,28.417198964521013
3,5,34,28.186072203421976,8.397664684632442
3,5,35,13.262984671972545,15.550979061399204
3,5,36,12.45963776625937,18.90350051927291
3,5,37,27.299203761121504,5.650430429801982
3,5,38,17.896992968809396,12.601822541118281
3,5,39,0.7041803572171951,22.3677951130294
3,5,40,26.218074061383426,26.02818981785179
3,5,41,14.872130027175722,3.6792829838300185
3,5,42,18.88032496046862,6.483611758387685
3,5,43,11.008648784305526,13.224556991555252
3,5,44,8.56978412879361,13.95135525764608
3,5,45,27.901902246268854,15.07623209727039
3,5,46,14.837773647200384,27.011545306948125
3,5,47,20.867546491205697,15.731753725097596
3,5,48,13.24359403706192,2.4060015799510817
3,5,49,7.818904682706224,14.41972932277361
4,1,0,24.775002380638277,12.965373747594557
4,1,1,24.57788921496128,29.759664719397424
4,1,2,29.154238802513984,20.963915969441913
4,1,3,9.81766821421703,17.265868376713502
4,1,4,4.09889290497314,21.48502201563903
4,1,5,6.140010094725645,3.449319088366293
4,1,6,21.295909753891834,19.11322803523005
4,1,7,10.207489531120697,29.262953433756156
4,1,8,15.46701124326767,5.527895155856417
4,1,9,13.411488055187016,3.1965705603762498
4,2,0,10.828314418904025,10.864279621896179
4,2,1,10.20684939538988,11.35588901416835
4,2,2,4.4125196001521685,15.018477527496389
4,2,3,14.512668954206665,24.10959672394007
4,2,4,26.237424586519246,7.235345723273873
4,2,5,18.38310213665603,21.498701234574835
4,2,6,6.968978949537153,9.854757863467396
4,2,7,23.563567527662464,11.63707103689434
4,2,8,23.37619008874797,23.853959083284337
4,2,9,18.71309933405063,19.88888195928112
4,2,10,24.77279200203397,17.243709640013485
4,2,11,13.677540524398665,23.974908976836403
4,2,12,17.188831110527182,3.1552436987830292
4,2,13,14.620497778060347,13.617279794769603
4,2,14,5.93317625819953,14.289729570580755
4,2,15,17.41238203617285,29.76527111104356
4,2,16,16.541886067389985,5.190248514672594
4,2,17,15.2755145541081,14.118562563485797
4,2,18,11.951967417960413,21.93145936148491
4,2,19,0.2679283871747906,17.781883120149814
4,3,0,25.872398398110874,28.077491684596815
4,3,1,23.295021788879374,23.899179724652683
4,3,2,17.45999221484246,22.052738890449977
4,3,3,8.137179535790512,12.606786094154003
4,3,4,26.75748830128293,22.18918392864431
4,3,5,27.69367938028574,8.820875671351189
4,3,6,9.79894528855995,6.27599683001479
4,3,7,26.03025447998629,5.932727547735229
4,3,8,21.23861049220411,7.709938017130875
4,3,9,24.431472273089177,0.4409166863476094
4,3,10,6.5048300093458336,7.399152701756994
4,3,11,29.411708272304654,8.149507850449325
4,3,12,0.3129170893730715,3.308416873834849
4,3,13,0.6177524291890751,19.482538295059708
4,3,14,26.515858321001705,9.092830703417572
4,3,15,13.443319540275574,26.751340889124222
4,3,16,9.19416262298409,24.91230177448876
4,3,17,0.6549248656104179,1.2228973432864003
4,3,18,15.611311591387091,19.935261567219932
4,3,19,14.273249615329904,29.21025693946558
4,3,20,22.213557471734774,24.236130329133644
4,3,21,4.984719380326633,3.0536742051336403
4,3,22,17.612900048673804,7.572673228395267
4,3,23,2.42508816220204,6.048920416857477
4,3,24,23.96213793947895,24.75441278810181
4,3,25,9.24906872793711,22.26597671361061
4,3,26,8.921649560654041,24.183869788217372
4,3,27,1.8632995009208901,24.379569903209216
4,3,28,10.055781875316184,29.028027229491897
4,3,29,21.579108247343076,26.164185983924334
4,4,0,20.690378848836357,15.512816489087372
4,4,1,21.741507528206064,25.580783911683053
4,4,2,9.939319185124806,18.55541785662504
4,4,3,4.682220850446706,21.630365606742863
4,4,4,1.4609008883032826,15.135456061943254
4,4,5,25.993483775120126,5.61445150709689
4,4,6,17.825236256484022,3.662209356335614
4,4,7,1.5496343568602349,3.8133686984623987
4,4,8,1.8445621279444007,5.960684826966015
4,4,9,0.7754525586229044,10.289516039744761
4,4,10,17.153135430590893,9.924485255567202
4,4,11,19.963340444837577,24.083072364673242
4,4,12,3.466963686414699,7.198456223881099
4,4,13,29.228750322771507,27.96324266511253
4,4,14,3.3705176545902,4.846959856054179
4,4,15,22.983674832394485,3.51841940002243
4,4,16,25.04085602189042,23.002678879495434
4,4,17,17.43572841993481,0.26273986293093354
4,4,18,1.328333763348621,8.701683445432021
4,4,19,16.99071980728916,3.8295978709264777
4,4,20,29.097296878902625,14.679469311007956
4,4,21,8.691223490152511,20.94989664515343
4,4,22,18.78791673113129,23.372103743907942
4,4,23,6.5574808322523985,27.869793808840587
4,4,24,9.781848682956568,28.25564504491129
4,4,25,8.893775997476729,23.980709701501613
4,4,26,8.770060506638831,7.825950699543197
4,4,27,14.800394705357423,10.323117987998932
4,4,28,17.186348523671274,26.72685494767544
4,4,29,23.818265566655803,21.695529697688784
4,4,30,20.13980232181373,2.342457671882609
4,4,31,20.38876121874368,23.098587592533185
4,4,32,1.0369917927992915,20.985689192056668
4,4,33,16.88612267709973,14.450202492305985
4,4,34,6.075311986204823,23.82618950010908
4,4,35,9.600044502553706,0.26069685278219457
4,4,36,1.4289226193193945,18.520110573923265
4,4,37,2.7001565620908523,14.596466221055197
4,4,38,21.731663607471045,20.350980795600023
4,4,39,25.962442123063145,12.463157870125581
4,5,0,18.691044881969972,20.70111763405808
4,5,1,17.234877839552922,29.31990045049961
4,5,2,18.834674967139083,7.093379484497732
4,5,3,8.227495824772152,28.713547739272048
4,5,4,26.906157755707746,12.142949636526627
4,5,5,7.837215607741775,5.602645245575814
4,5,6,22.818511987280015,22.84627086872677
4,5,7,23.2412135764568,17.918374847779514
4,5,8,11.996716431360325,0.03876022267473578
4,5,9,24.6990887013429,11.49984202800609
4,5,10,22.899356959034392,24.820396221470222
4,5,11,8.713980798941966,11.90110887221756
4,5,12,1.8483398125824908,7.8974879123067145
4,5,13,5.998578102062343,6.367911377945428
4,5,14,2.768776943055495,9.569778086899465
4,5,15,28.588366571816405,2.29475701242844
4,5,16,23.903078536847207,10.071370042959217
4,5,17,25.732363606489116,24.260276361194613
4,5,18,13.168367385619913,23.185303327432102
4,5,19,4.453039118404211,17.526665777140796
4,5,20,9.453131224937163,22.506679636961124
4,5,21,10.764536788629442,13.76628733757066
4,5,22,14.650878579938682,1.3055844388148796
4,5,23,17.621601642410656,2.245559519354366
4,5,24,4.429174338304652,7.7276275550059745
4,5,25,26.549170503775184,3.528533772029772
4,5,26,9.736119881915895,24.638639534207844
4,5,27,28.450714347601835,22.983903200085603
4,5,28,5.635083778225897,23.805925615517264
4,5,29,20.91547985727525,22.187748441653998
4,5,30,20.411587786659,6.35917219369953
4,5,31,25.97937101378452,2.6766894784165816
4,5,32,27.335901282255872,25.051440519164125
4,5,33,23.34955586905076,13.038894369765789
4,5,34,13.033509383108566,15.220005855693957
4,5,35,22.150432125617385,17.95731189859316
4,5,36,26.20313574203734,17.494974116147134
4,5,37,19.530907527521926,8.030371527639913
4,5,38,27.76761391279156,4.6840767907319405
4,5,39,4.757935751480979,21.666291791268023
4,5,40,21.4629313730705,28.944088161329837
4,5,41,8.947282124781324,27.206494324793795
4,5,42,16.63377512770097,16.06920405082746
4,5,43,9.147477082480417,23.135454974696074
4,5,44,8.451583910226882,29.272178394989865
4,5,45,5.706295563491965,27.707510420588612
4,5,46,12.347610233934905,12.236229652564214
4,5,47,4.925718418276216,26.39016491884299
4,5,48,1.3443950873241317,2.778426698211145
4,5,49,12.891236899208836,1.6845651661682877
5,1,0,29.91209041831751,25.959757653588692
5,1,1,8.100178719067658,22.99436679827003
5,1,2,13.201186313421873,19.865006296730634
5,1,3,25.04230432797285,23.366751260550373
5,1,4,25.350073362309985,8.037415267096218
5,1,5,3.5056812286564956,24.76316053570791
5,1,6,19.995028695872968,24.92758784774068
5,1,7,0.9021351390117782,14.364379267580704
5,1,8,6.978084184255772,8.434452238168648
5,1,9,17.629544135364895,3.014005329885847
5,2,0,7.645863701275472,2.426463170281644
5,2,1,23.49863043257128,9.419250791589537
5,2,2,22.517294987730146,7.987217888391393
5,2,3,26.818529824383972,15.946635496187252
5,2,4,23.09598928139914,2.119170739132587
5,2,5,5.737894203660124,26.528997071827625
5,2,6,24.127296189896867,18.410359501441484
5,2,7,17.389560309284704,20.713642882664807
5,2,8,0.300395338887367,16.39393716569085
5,2,9,3.585829982958984,13.100049925857718
5,2,10,20.865641445872615,10.114557096135727
5,2,11,20.957681661438166,10.821331009930976
5,2,12,5.194826528835053,14.135805286533497
5,2,13,1.7974350302646953,18.654850740958
5,2,14,14.612469429420234,25.07337665419556
5,2,15,11.057703375108646,18.855708996481198
5,2,16,4.195553077072188,8.6188107347665
5,2,17,22.602576477307238,20.125117528453814
5,2,18,12.379291623493453,11.794139351356417
5,2,19,27.970292880503102,16.76473542710338
5,3,0,19.166289356238916,17.87673683387791
5,3,1,24.038297457642976,24.292466271113817
5,3,2,23.91436125842662,20.47197328716794
5,3,3,21.071976436277996,14.457334132235266
5,3,4,9.095564166500633,16.82642866687912
5,3,5,27.72023827874102,7.224522698022935
5,3,6,24.835855088424843,7.8825693295296
5,3,7,12.378011511233522,16.830525781865926
5,3,8,26.881404506408145,5.8061814050344625
5,3,9,4.460325723552583,10.37427083353979
5,3,10,28.141577888970637,23.466616360183238
5,3,11,15.00498759180734,22.26902380528297
5,3,12,2.0879703692629477,22.173510345721084
5,3,13,25.864762045149917,2.653307177157816
5,3,14,13.47392440939059,22.591613322701264
5,3,15,2.5599713782499762,9.49784439020196
5,3,16,24.81113693057997,3.728703865724131
5,3,17,1.1194472150562258,3.433419072699204
5,3,18,6.455057662633818,9.27077511430779
5,3,19,27.77172956326898,18.176330259982176
5,3,20,4.705915367911441,24.994603287525596
5,3,21,12.439986077119256,18.488270375480703
5,3,22,14.291962914019415,26.65085445707539
5,3,23,2.6664958177687232,2.6062889349344176
5,3,24,29.046737608254908,20.796912617387207
5,3,25,20.31354360667162,2.0070560441923306
5,3,26,15.265317144198859,26.313803165157946
5,3,27,4.762971718151055,16.19948091538953
5,3,28,3.980811137822919,3.312039446784587
5,3,29,11.740440611162239,3.489683078440215
5,4,0,1.0306924877740165,3.831202270278293
5,4,1,9.880382193111654,20.795233647724732
5,4,2,16.709349520714756,5.639893349119671
5,4,3,3.6521695260730085,29.142467121198926
5,4,4,16.58540219859411,22.628689341713677
5,4,5,5.885905822927118,18.795876492011768
5,4,6,22.173829418638856,2.3495765546071246
5,4,7,5.322620403853356,3.4176362631466493
5,4,8,6.181963953941574,14.639862743981887
5,4,9,11.757640151515108,11.737273868459068
5,4,10,12.160288919793993,16.14625289157077
5,4,11,29.82412906500197,20.813928472241543
5,4,12,15.717462305911582,29.87382613305411
5,4,13,9.211219667771042,19.190515709020744
5,4,14,12.893478474704187,28.954783272567354
5,4,15,16.878503556492408,8.977973635265485
5,4,16,9.775659718664524,27.133251924544922
5,4,17,6.364453288273322,3.9106994987987482
5,4,18,24.247495903426252,4.106869612711598
5,4,19,21.751866486296393,26.19310886222758
5,4,20,19.833232551669425,1.6621194326971056
5,4,21,14.343332859734225,26.71755635680379
5,4,22,8.244240655783868,10.010255970696425
5,4,23,12.4580168460726,0.156415490961046
5,4,24,21.759294850946368,16.58051300929209
5,4,25,1.9971750626714542,27.376982938930556
5,4,26,1.2392649518890302,1.038814594287899
5,4,27,28.340863741932665,27.031958371913813
5,4,28,22.2902325446631,8.25137910687234
5,4,29,21.649096311654276,21.929204050064335
5,4,30,28.236891606841496,15.533563005533225
5,4,31,1.5322429448630714,22.431781551914725
5,4,32,18.40447041548046,24.88553301305521
5,4,33,7.719863798602674,14.397397771138936
5,4,34,28.80445771829112,5.829791979447705
5,4,35,22.11504164859321,1.42517548488457
5,4,36,22.811522127513193,2.4552570219795222
5,4,37,28.437218960578228,0.6560343881995423
5,4,38,14.134730845097893,13.483512360093531
5,4,39,15.570327723561824,29.561249365060053
5,5,0,8.699756811421969,11.773454656672014
5,5,1,26.18600674096848,23.895665012801764
5,5,2,29.945015064408707,16.394859597346983
5,5,3,24.638477993027873,5.017669331128982
5,5,4,28.996699970153365,5.433531624784326
5,5,5,0.9728039172445252,5.013574780440912
5,5,6,29.371102201790706,21.189327612729357
5,5,7,4.463226769782309,21.022414737919323
5,5,8,3.7001829678243454,23.31339771198025
5,5,9,2.401074524318595,17.820371019231242
5,5,10,21.148573345444323,7.771181493582231
5,5,11,20.519111269531265,25.434272197452103
5,5,12,26.03494671358785,8.816540412932973
5,5,13,4.047310801923215,4.922891304139673
5,5,14,14.877149270240452,26.414861400421408
5,5,15,6.923362116296849,20.330768530286093
5,5,16,10.147019058395433,6.602984969332359
5,5,17,19.903974245071186,15.04827395406418
5,5,18,18.037208402478562,20.87288547266744
5,5,19,8.409901416242564,11.829224470086096
5,5,20,15.529670324103586,28.292936706976118
5,5,21,8.475329892885242,27.00106453048739
5,5,22,11.41682305564737,24.239781753902683
5,5,23,28.14976142742301,26.91295996915626
5,5,24,21.318720799411082,0.3929506279809719
5,5,25,10.896925726695073,15.078444203143691
5,5,26,12.074834995211546,2.2117879005942593
5,5,27,24.54266047062349,0.36287645837032867
5,5,28,0.878263938659688,8.973379410956083
5,5,29,21.729159464318137,22.214593348291857
5,5,30,23.578084068407797,3.889451382986606
5,5,31,26.78477427120348,12.475455655136601
5,5,32,9.052314998946823,7.7590358466241405
5,5,33,29.975212670894244,2.7671437970045902
5,5,34,20.524642957602726,23.823034004225857
5,5,35,7.6254082037441995,16.48767149380824
5,5,36,12.37574115270093,6.510290492608129
5,5,37,10.33327953075136,18.06053451943348
5,5,38,20.757494278995658,14.110188676730107
5,5,39,9.544370309688722,25.996069440445122
5,5,40,7.473835233951805,1.3290064451942585
5,5,41,27.59703428453426,4.480883603831596
5,5,42,0.13997429740639944,26.756876767280957
5,5,43,19.584063232353223,20.33239515662036
5,5,44,17.23332075498667,24.293840061897612
5,5,45,1.1558741870149674,3.309179290668169
5,5,46,8.422268819392857,10.615214021113736
5,5,47,13.099843737912115,23.326274239534293
5,5,48,25.831064073041055,24.63488288857841
5,5,49,16.77504286385081,4.0960621495921865
6,1,0,27.41802562983259,22.417216969426395
6,1,1,14.693262605726353,10.877335913266721
6,1,2,3.5517646396707807,16.919823128003795
6,1,3,19.63048115059793,14.510342666824128
6,1,4,2.174476085697256,2.867860521971835
6,1,5,28.2320342142309,26.81569523291563
6,1,6,20.901717698453872,24.366381697075923
6,1,7,1.2963691614381974,23.224808755896362
6,1,8,11.577865892724319,25.986730977571348
6,1,9,20.073946579985225,14.205539816080845
6,2,0,22.79078789255906,3.5819431707230893
6,2,1,7.687539731554976,3.020456732039616
6,2,2,10.842214548127256,21.874509622929846
6,2,3,18.073219112260688,6.768590162714822
6,2,4,6.888598163954371,2.4705953014844386
6,2,5,28.193727824272937,11.580187144649855
6,2,6,7.850863670615497,25.61752645844653
6,2,7,0.7793486633140262,4.953225973072463
6,2,8,27.74963057220993,23.18147804110358
6,2,9,28.167451172280614,14.774844842113126
6,2,10,11.794172990760497,11.351272585329525
6,2,11,17.486618102449135,21.17648312376763
6,2,12,22.270444306950704,21.93443341500911
6,2,13,28.058676375690105,0.40751131838339727
6,2,14,12.902095400241524,16.225880186201675
6,2,15,25.035335059936624,15.934096588228284
6,2,16,8.418341824237874,16.015025428500024
6,2,17,12.096054258492593,3.8793125233205816
6,2,18,29.185472205004235,24.764602007264312
6,2,19,1.721533078038262,23.153073260139692
6,3,0,2.4335010867371905,10.972447355105436
6,3,1,17.281564248334092,21.266414689126496
6,3,2,5.939557089936823,28.592148821486497
6,3,3,29.75282209072833,24.229470376047033
6,3,4,28.409845650118058,22.57810160364957
6,3,5,6.412345318809227,1.1910987696454427
6,3,6,18.03023502603735,28.236245526110082
6,3,7,11.89281628550759,25.438486772532038
6,3,8,17.76337258857039,27.054053031623027
6,3,9,19.715251697756226,5.0281207105630905
6,3,10,14.761654785547467,0.1891127996363856
6,3,11,8.663900488217363,26.898920256573817
6,3,12,23.111906324783163,7.413186708754498
6,3,13,9.518736263254556,19.7514251560129
6,3,14,11.96871239423841,27.857688854981294
6,3,15,27.87265579735746,6.888977957598208
6,3,16,17.110672920731375,16.25196127484075
6,3,17,10.018799982054405,8.396335254575739
6,3,18,24.814388284874425,29.506899228887555
6,3,19,9.520069098809122,7.910994331840145
6,3,20,19.153567310667135,21.604851275525235
6,3,21,7.849944467921119,22.9954330086921
6,3,22,2.4893234294367748,10.790304335537378
6,3,23,4.307069371268633,17.36932234253022
6,3,24,22.06751848399222,2.606423897036157
6,3,25,3.0564968869153364,28.726351026105647
6,3,26,27.285952707924842,5.366973979881627
6,3,27,17.811179161463734,12.324553465657075
6,3,28,25.653641979349672,12.423738786558275
6,3,29,13.22891637456966,13.353870795267031
6,4,0,6.7476331195883885,3.395272415122289
6,4,1,19.279355075359746,7.878596362802402
6,4,2,1.0275810994046934,28.113400862075274
6,4,3,1.1561701792719103,18.491447206519332
6,4,4,21.437738900945355,0.4896851631850291
6,4,5,15.00282599334873,15.270001334178225
6,4,6,22.969747808520886,7.32561943474408
6,4,7,14.726980398909415,3.9497367562980013
6,4,8,9.829236145374873,21.124595141391765
6,4,9,20.84639081139738,15.407625241362663
6,4,10,14.876139257517583,26.388730995912642
6,4,11,7.9901383014233245,12.368022121305483
6,4,12,1.8037083976751345,8.98212444575237
6,4,13,21.19141693899039,27.390585774998577
6,4,14,20.724179098008,25.61532489495928
6,4,15,3.2766477432496064,10.953692206352189
6,4,16,12.99579771377013,15.886408351173799
6,4,17,1.0900630741502444,28.55411766520193
6,4,18,5.105701390000124,27.110940455099268
6,4,19,19.95612005813661,8.60024018452827
6,4,20,28.158591857433006,4.016650132325013
6,4,21,22.186050946550267,27.591913642511503
6,4,22,27.03531493738896,25.489730626893056
6,4,23,5.405667298955214,24.76152821338121
6,4,24,9.526336588645782,1.1136130948257965
6,4,25,24.39264257389707,3.3033795206597265
6,4,26,20.69254355062078,29.49365116060197
6,4,27,1.025114032983906,0.967369068737513
6,4,28,9.320167458802944,0.6918534650360075
6,4,29,17.53621605533989,21.32166062368871
6,4,30,27.572282753278866,11.063486236392402
6,4,31,18.40095574385266,16.911809391343034
6,4,32,8.387772102439897,8.507561698790784
6,4,33,3.2329480318699777,28.48271082270371
6,4,34,2.5069801720683187,26.447329368883338
6,4,35,28.15892644239269,11.83741269883097
6,4,36,9.423571656949221,4.257426705352804
6,4,37,20.10608765024347,9.882376052101058
6,4,38,16.93273068000382,29.59164484338129
6,4,39,29.83542537525261,3.7846087475910983
6,5,0,25.533881490474965,27.3179742382534
6,5,1,19.120972882792792,15.76703072163151
6,5,2,1.7173145709885769,10.180049350088472
6,5,3,4.210248232739614,28.976305791492244
6,5,4,20.918641133964698,18.86410830500583
6,5,5,4.9702051065457615,27.038785193697194
6,5,6,9.161701066136525,19.402332348121824
6,5,7,1.065114967998832,13.105478901995175
6,5,8,6.284216852812131,13.69930421364355
6,5,9,24.25599774176702,28.614165038348325
6,5,10,20.955225618557876,21.32742267808247
6,5,11,16.808376246055353,8.37963594675638
6,5,12,3.8158737126277047,22.748589426689687
6,5,13,14.57299036351576,20.082909740081273
6,5,14,5.7575832456746925,5.428799862567974
6,5,15,2.100361463299765,15.550820437512318
6,5,16,23.009512088216457,9.784374728879095
6,5,17,16.70757590214902,25.710489667002847
6,5,18,22.40319870510178,29.325907672274834
6,5,19,0.8928705052165753,5.321569377539763
6,5,20,17.132056856901865,12.684065444848603
6,5,21,22.290007406964044,4.130717613831278
6,5,22,20.17834714202538,24.118578211360557
6,5,23,7.230615871681238,23.58072965053951
6,5,24,22.611179080767133,19.64059076794173
6,5,25,28.113337870277636,27.35685576331942
6,5,26,21.330513901914586,6.448966160852222
6,5,27,10.298848702389101,10.02858970084371
6,5,28,1.0639832420066013,18.1048886765764
6,5,29,1.2027002112285516,10.859595831991408
6,5,30,0.684731182535756,18.286032136527865
6,5,31,7.087400325097704,15.11496048973838
6,5,32,4.152214616869586,16.62038631196037
6,5,33,19.425610614812342,10.094499335916487
6,5,34,16.845049426856185,6.696292746023732
6,5,35,16.972336798469726,24.546020552751106
6,5,36,5.535795326413749,0.15196776041615068
6,5,37,11.267670717126272,9.188602025172287
6,5,38,15.656086084634211,11.8347773988119
6,5,39,2.9414656910758943,22.690015889346245
6,5,40,28.536799609287627,5.147510297589873
6,5,41,29.892252584986053,15.023476577872094
6,5,42,15.996657665336624,10.93760231324172
6,5,43,16.306391501936574,21.165316128983186
6,5,44,15.17559916096356,10.38739240003838
6,5,45,9.056931794240816,14.125885674283875
6,5,46,23.65799830101826,4.59470248167319
6,5,47,5.4277963980770805,15.082586987406312
6,5,48,6.84354763433313,8.904911868128076
6,5,49,1.8153750072778956,9.541440696143134
7,1,0,7.581826768656749,15.584940188623674
7,1,1,14.460261106765536,15.464336863790153
7,1,2,13.50124774524721,14.338782434329788
7,1,3,28.32605508463022,12.400610396122312
7,1,4,1.7420844030078841,4.709500760660292
7,1,5,24.044143147191924,14.760197448156964
7,1,6,15.35028144492279,19.338671579589818
7,1,7,17.40037404694791,21.877845133228362
7,1,8,0.4130507980419823,20.763100694787003
7,1,9,20.819801399203044,26.343204209252654
7,2,0,21.87699636853887,10.211338394407283
7,2,1,5.342784706763912,25.160809822780752
7,2,2,23.172414863177803,27.25135395179292
7,2,3,16.985585685524587,0.5697234493478021
7,2,4,20.301911108201736,0.8661157780376066
7,2,5,4.887346763466748,12.788366728523302
7,2,6,11.018668846821198,10.962270430677131
7,2,7,2.5250543387869535,25.635205864305476
7,2,8,27.46032765780115,17.257822374951203
7,2,9,23.895217505408965,11.18790057940518
7,2,10,12.578238223542423,22.611695491796134
7,2,11,23.986808775604878,8.239837191047611
7,2,12,23.74476639246904,26.73582494190131
7,2,13,6.92168267830969,13.604142132522508
7,2,14,3.703611400013784,17.657563879077983
7,2,15,7.983862967234642,27.402224606946284
7,2,16,18.525558222057377,29.99570706233871
7,2,17,4.507340784006486,2.2197622104875214
7,2,18,11.887820879443787,10.663270750234787
7,2,19,17.47863075663905,18.10963504781337
7,3,0,5.434021306478868,22.14725075667439
7,3,1,10.885746948299236,29.941844244591618
7,3,2,6.618355704829898,24.03175478032169
7,3,3,19.678486200064206,15.458241856400699
7,3,4,19.47652368542815,26.43894592041263
7,3,5,14.858190491552001,9.493594960176512
7,3,6,28.266364132529656,0.36747672401478526
7,3,7,10.9957678478999,0.03476321857220799
7,3,8,13.78102065909566,27.098840134894154
7,3,9,6.839689136399054,15.047517728710526
7,3,10,29.57299563585883,24.488161649487417
7,3,11,3.0097652610564185,1.0354431133177444
7,3,12,27.137747567085466,10.311095462043564
7,3,13,18.311182326791727,24.667054156815503
7,3,14,11.900910214580216,5.126736071051425
7,3,15,18.840713476574315,28.080725076705114
7,3,16,27.328899539098945,4.205016911872813
7,3,17,29.05636542688192,10.847242296969442
7,3,18,18.605735830492257,28.93886097010844
7,3,19,14.919729623399968,0.08498721794350905
7,3,20,5.001109832386658,1.3471823142416102
7,3,21,6.6518375457285615,24.602974673394357
7,3,22,25.500514091581564,4.592060113193898
7,3,23,26.010446438839594,27.29696707477091
7,3,24,13.416788352363483,15.892073533009212
7,3,25,7.9286716458329565,0.6624290426674689
7,3,26,16.56606194622122,8.23695504415759
7,3,27,9.08632954708585,23.87110139133732
7,3,28,20.986502821105844,9.481347442593634
7,3,29,15.461850744906718,22.908392712597003
7,4,0,22.450431342269198,19.142543367313493
7,4,1,17.0074254449954,15.940344324327988
7,4,2,19.071140706700717,15.702778627914046
7,4,3,7.5462592616975455,23.28751451111834
7,4,4,13.37808217216102,10.557856374514968
7,4,5,24.995781203673097,5.400756988514675
7,4,6,4.055899295767883,10.305288997548642
7,4,7,15.814980522343557,15.057298839878747
7,4,8,11.113560842281071,13.64914715781588
7,4,9,19.47078312959165,3.1332408600774557
7,4,10,9.05239644065068,25.239258318351034
7,4,11,6.507261293647943,0.06544904475463631
7,4,12,17.143139420091174,15.00202039506728
7,4,13,9.607140632637659,24.371757941841036
7,4,14,26.229678511893,18.702358038028535
7,4,15,4.700218763777147,5.8147320818347055
7,4,16,26.72735795017403,5.547198839807649
7,4,17,1.8438101769808135,27.33802191576295
7,4,18,26.415566853761746,7.506017185653018
7,4,19,29.490712576930157,14.351997232264292
7,4,20,12.640678532408323,7.40721060685393
7,4,21,1.528385820990203,14.461176247351622
7,4,22,29.26159061597007,6.490937040295569
7,4,23,14.684716727622133,16.076637093397697
7,4,24,7.146554795156874,21.74024613059463
7,4,25,11.833987076640108,9.490678181229013
7,4,26,5.403508782006418,1.339342867883594
7,4,27,4.744052245939602,5.659770809447893
7,4,28,22.802548384661268,19.76380192891675
7,4,29,5.367211261703233,18.628975204732946
7,4,30,25.695690759514783,0.7227901858994434
7,4,31,13.32988620398098,27.059377613287804
7,4,32,19.26411139391275,25.60464731183574
7,4,33,3.3904349672399956,23.78797182680279
7,4,34,17.504296331207982,9.66223832213874
7,4,35,16.58047383376285,5.5306075629719285
7,4,36,25.538107523022106,6.8654940773894095
7,4,37,24.443365453376046,27.590077385340035
7,4,38,26.63019225604703,22.66693708855845
7,4,39,9.717261689857926,25.709289487598845
7,5,0,12.573980393185574,21.823783342613808
7,5,1,9.76436002677109,7.908977713728848
7,5,2,10.640744506310863,19.00878944690393
7,5,3,15.668457351730186,6.8789691527076
7,5,4,9.049377085724146,3.0747181429022463
7,5,5,19.981490480897047,24.092198474002195
7,5,6,23.63033104877334,24.94511019212664
7,5,7,29.210928743796703,4.528750501162527
7,5,8,25.35144837356765,13.929904305223243
7,5,9,3.6283332533121895,20.96471369388054
7,5,10,20.127055582382738,19.367163716777686
7,5,11,25.874717548860787,5.314016472615699
7,5,12,8.419403144226042,2.4582153567072327
7,5,13,16.14577417487184,23.22573054293481
7,5,14,28.959102072698055,11.412815167717435
7,5,15,10.002999908263826,19.95364169004608
7,5,16,12.349641447310768,28.59098828529548
7,5,17,14.853133403814322,4.727205586988299
7,5,18,7.961060329302538,14.724799857786717
7,5,19,26.08539836681938,18.10642377264857
7,5,20,25.34999605963415,9.313628853265621
7,5,21,9.668867621135155,13.596314458716552
7,5,22,24.62789938283033,28.491828188191526
7,5,23,18.348950782577944,17.284916784940183
7,5,24,21.532614382082862,27.446446804314675
7,5,25,17.726087860641947,23.20444877057082
7,5,26,11.653920154908382,9.642283722002615
7,5,27,1.4980023170426726,28.16470529476172
7,5,28,27.147902810408794,6.234632800288585
7,5,29,0.47132732266909394,16.97277400374567
7,5,30,23.559744358214022,25.65203147697099
7,5,31,18.45376381065772,2.7046190313416716
7,5,32,23.52138768506801,29.06067657246481
7,5,33,8.15708591799356,25.872847489725256
7,5,34,20.738704853559533,28.18882672269577
7,5,35,22.459686692534586,8.202894614626892
7,5,36,7.101013222423688,10.884408004116239
7,5,37,8.733131396523467,12.707916585503726
7,5,38,20.060102115255354,11.416324590358133
7,5,39,11.04300637591143,27.856943397844233
7,5,40,14.232689337466956,18.297080232347852
7,5,41,20.516004762076648,25.1337013792539
7,5,42,3.587381666733646,4.143559874627297
7,5,43,23.082195135594286,14.23606794472266
7,5,44,15.909433890997024,14.434653044816764
7,5,45,13.666030541510754,26.434635480329078
7,5,46,0.8957473345633399,9.296018571496338
7,5,47,10.320666657540208,15.624852275740237
7,5,48,10.074634223190447,13.4411266769186
7,5,49,11.730230023994508,19.000127949929663
8,1,0,18.807316172350422,6.041465976933778
8,1,1,26.766312870051266,27.071296829845423
8,1,2,2.6683218607353516,12.124131593339063
8,1,3,12.121189235337448,7.720254256821584
8,1,4,11.720232609216094,27.82810477527555
8,1,5,14.40251677093118,24.04596459255775
8,1,6,20.654783128894202,15.690851012849345
8,1,7,6.873519755892508,26.45368603299859
8,1,8,27.53111746263189,23.279854531810816
8,1,9,18.687111589592295,13.419641963664517
8,2,0,7.2232401041378145,21.665480238622717
8,2,1,3.373353252238687,4.895076463979809
8,2,2,28.556363576627135,13.333311360054447
8,2,3,28.53354605193357,26.276582595586397
8,2,4,20.794847596146987,28.160334183078902
8,2,5,27.687743256899516,8.167586535738419
8,2,6,7.690803717189422,15.865543926238482
8,2,7,0.4892692251234976,29.886634340621683
8,2,8,17.157215254722207,11.446625454019625
8,2,9,1.3608255335239656,24.330593435564907
8,2,10,3.430416141005472,6.47070973161112
8,2,11,21.451543147947,12.347412460632889
8,2,12,14.344801400812914,10.787398454168533
8,2,13,10.193248907008625,6.412527469921676
8,2,14,23.6076188115677,29.61558358018886
8,2,15,9.531654684892839,19.13321908829225
8,2,16,27.594894835631855,6.0141264370957
8,2,17,27.709075015827892,27.597242432182966
8,2,18,21.23405843861003,15.41278777710623
8,2,19,2.222668923449182,8.4498696304957
8,3,0,29.238129403057684,14.586299985601551
8,3,1,14.993158780786414,6.217045733090149
8,3,2,15.151359100335371,21.239158568727824
8,3,3,22.76394451973283,1.9491205840191184
8,3,4,1.8803471368857845,2.244021742904288
8,3,5,21.562228899123145,26.386034088875636
8,3,6,3.307326520336596,0.31007053337856694
8,3,7,6.086267529225915,11.30744550853828
8,3,8,18.053675663195406,24.609533892038797
8,3,9,19.03270113679265,8.401375461650932
8,3,10,5.2890390889328724,23.200507808351524
8,3,11,7.734891087846801,23.8564663473404
8,3,12,15.778514153809635,28.440611994858287
8,3,13,12.3718178441668,22.980325184763778
8,3,14,19.651268075141324,18.792204091338007
8,3,15,24.426510711284983,11.710977798013515
8,3,16,28.24101571010133,24.14446517485353
8,3,17,5.054470885761847,5.7103452174129865
8,3,18,18.008403766094744,25.975871048463194
8,3,19,24.48239248779686,6.73220468619909
8,3,20,4.071578664513003,8.13706505193984
8,3,21,22.228012189119248,10.62734546239196
8,3,22,11.437243267133296,4.0352947019746574
8,3,23,20.425653822893707,2.5813384394288907
8,3,24,10.90123836252295,28.965149563279496
8,3,25,6.949404799091952,15.91996433464924
8,3,26,0.6810492220303882,20.432643821980925
8,3,27,17.86678064244004,27.270401237080396
8,3,28,4.350437904733589,25.846924108238312
8,3,29,11.608593326559976,20.877359449252502
8,4,0,4.28637486889059,2.984882084391552
8,4,1,16.012538200257328,5.964185678293059
8,4,2,19.350682979436552,25.110298785881888
8,4,3,5.765325577862023,23.19645474116771
8,4,4,21.48028391391759,6.340929553408984
8,4,5,10.555496694435764,25.77680920983825
8,4,6,26.264096975449775,1.699552570911963
8,4,7,2.445530053973865,18.52460107493929
8,4,8,17.690470230183156,3.079994080601997
8,4,9,22.780514915708928,3.964143947379589
8,4,10,20.94830522984945,24.373111494104982
8,4,11,4.314490935655173,6.491503193988939
8,4,12,11.756397637261609,9.484232304564598
8,4,13,19.64681788813649,15.182351572160803
8,4,14,0.3779012093884404,29.50552912884219
8,4,15,16.975725428686403,23.576189747156228
8,4,16,29.705531114132775,5.197862519290774
8,4,17,1.0252980046493794,10.072187230008105
8,4,18,11.016658981133872,27.256922130233775
8,4,19,21.2750079615342,14.560148181146161
8,4,20,28.071210512862812,15.777536986795935
8,4,21,23.290606135778177,18.757018481887485
8,4,22,16.520593463297388,6.054015035423869
8,4,23,19.167791641345683,11.068274772519093
8,4,24,14.553856645890855,27.939607067237684
8,4,25,25.09054491313347,23.23287997616034
8,4,26,12.584959915770161,15.775030824869416
8,4,27,27.979436383633686,27.492455651824066
8,4,28,6.0679107836080455,9.626015959478373
8,4,29,0.1712697518111045,22.571933974567923
8,4,30,5.294377551785349,4.98684235723068
8,4,31,27.00005222645522,26.950220957870584
8,4,32,10.990485758854206,14.166728740414552
8,4,33,4.601648992832118,10.281658248328522
8,4,34,6.564919922223052,17.68883417861685
8,4,35,9.319386735744152,0.8487848422007344
8,4,36,11.79308478391587,25.573065150650727
8,4,37,17.35909812269573,28.59130590721891
8,4,38,19.144786626987802,10.56831642041168
8,4,39,5.010749485031538,5.608815705192204
8,5,0,16.264519719170256,27.27554349722006
8,5,1,4.24957143637396,12.977900210967166
8,5,2,0.10023193835831667,26.091123447469677
8,5,3,2.611225129671439,29.04400709119829
8,5,4,13.274464622708816,3.093261076262098
8,5,5,27.10783978186782,15.750278652316684
8,5,6,5.603322015715229,22.470605895853033
8,5,7,3.800357550894921,11.810600175076583
8,5,8,26.759810380340333,10.694400117882086
8,5,9,3.196275130272123,25.88588865546155
8,5,10,11.584515227480143,18.220017959588052
8,5,11,18.43757926821243,28.667524277701187
8,5,12,7.402514882316123,5.004101835435647
8,5,13,28.105843802733375,8.853489887263391
8,5,14,21.290844175004572,0.1723870994717297
8,5,15,27.258784670502315,15.442560827178088
8,5,16,23.025382568983993,3.150440242744224
8,5,17,27.91979438722636,28.67281939987975
8,5,18,18.016480911640013,7.746365823279166
8,5,19,26.776465711435613,13.860403056385993
8,5,20,14.814893885118776,6.170091997487158
8,5,21,24.56931394027108,6.114492869694836
8,5,22,7.704165698164868,0.5251187221020848
8,5,23,28.35085538197879,24.809911385097017
8,5,24,22.49147654800253,0.4246691160400168
8,5,25,9.41229857676419,19.905669662277266
8,5,26,11.80154255035691,13.728857773767345
8,5,27,25.060132880734884,21.371572956375793
8,5,28,17.165814482005008,4.2155712207154235
8,5,29,18.06036998607868,23.956436552800795
8,5,30,5.749263594633021,11.995781459472918
8,5,31,4.995523077080976,6.412434755351388
8,5,32,22.50120177407374,6.1316589184369805
8,5,33,25.513014537921478,18.230165720738288
8,5,34,23.20313948814067,20.322912461192217
8,5,35,8.922048220166845,4.372436113855843
8,5,36,0.7573341661861188,26.142374623594744
8,5,37,27.504647012159374,7.042883130657939
8,5,38,0.03027776622350875,20.78420269298472
8,5,39,9.18387226142767,18.30725540209956
8,5,40,6.736271175164202,29.094772669402623
8,5,41,5.961722353486374,12.897357530869138
8,5,42,22.69089591392664,20.339565487325913
8,5,43,21.57577470046142,15.237197943494431
8,5,44,1.7559906213625298,23.12985112334649
8,5,45,14.085856439507808,24.258735312730884
8,5,46,29.943934297873152,16.15717752809373
8,5,47,5.583005877378289,11.561137963583276
8,5,48,9.378071542956633,24.974917743566607
8,5,49,23.982681001191587,1.6782092482368576
9,1,0,21.166404133206598,22.340646734560053
9,1,1,13.26564820534457,21.21774097225188
9,1,2,12.944585984804439,11.841482912927868
9,1,3,19.45180023029776,5.178449305049587
9,1,4,21.887838505988427,20.772054258316548
9,1,5,11.109392233415557,7.978336185112712
9,1,6,5.171721301089705,15.198765502558658
9,1,7,25.82893841273519,21.44412888198545
9,1,8,6.927652219126655,19.43914333287985
9,1,9,23.12054415235903,6.213013883577455
9,2,0,26.303919461186297,15.332122132089442
9,2,1,13.996908516124625,11.47201458688916
9,2,2,3.6559422378651267,29.793700079271023
9,2,3,25.18467739557063,23.20027882648933
9,2,4,4.014011982925613,21.221037404512067
9,2,5,26.64733953976527,13.284296463626598
9,2,6,4.665037420990204,26.240856792017386
9,2,7,14.176712831340131,14.706533554055577
9,2,8,7.4355562534783655,1.714286549969692
9,2,9,28.072026320648007,19.913282477701987
9,2,10,29.271630430885217,6.121785852388847
9,2,11,26.307976107553877,18.05500706659027
9,2,12,6.5864334787624275,10.183465876167608
9,2,13,10.44940906826085,7.684271358652277
9,2,14,2.503966062262522,23.578683057759008
9,2,15,24.170049033249704,3.3285069117655928
9,2,16,27.859633535412613,10.719619123630864
9,2,17,3.178414956601636,20.035107495585894
9,2,18,21.17797110626244,23.631140809292226
9,2,19,26.594800819583803,10.098696590317973
9,3,0,3.0520911374639375,16.111581338623004
9,3,1,26.13379780798631,8.957329589854528
9,3,2,13.52661042819343,24.72477011178143
9,3,3,12.067419636477336,11.276204885937606
9,3,4,29.957735308544258,21.963577796088373
9,3,5,0.07970213502518919,11.729399657369388
9,3,6,1.0046041803790728,20.632033926997504
9,3,7,11.592143599355062,12.045031079367558
9,3,8,13.16025679699258,27.057218177901703
9,3,9,20.587999106393262,18.26501099370804
9,3,10,12.05306489193905,15.998470918713343
9,3,11,8.75570381597046,9.307106775779559
9,3,12,26.249666976781064,9.48586986492581
9,3,13,8.22628744490344,7.770120996069372
9,3,14,1.135495909646812,23.12641446401345
9,3,15,28.356142758289927,8.682101317679107
9,3,16,16.030705165859416,24.925264325997848
9,3,17,28.623427330504846,2.347150740054009
9,3,18,0.9969498866440818,2.104867772902725
9,3,19,23.38588927419903,25.84106628358207
9,3,20,18.301669888571297,25.631484828437316
9,3,21,5.817391348753969,29.520987180761384
9,3,22,26.38072981745881,7.1088183017415405
9,3,23,17.54821509076103,9.811991055418105
9,3,24,17.924627998504338,13.33691885910015
9,3,25,5.84107408468313,21.502083491334517
9,3,26,20.5436129914016,22.25984052269621
9,3,27,11.49772574298877,10.06736210069533
9,3,28,19.8174322895393,24.85094227082412
9,3,29,20.25780801429243,15.125455228152857
9,4,0,14.417391235652477,10.59237753178581
9,4,1,7.930866286476536,29.74958485227701
9,4,2,12.737685082525564,1.9896686640142973
9,4,3,20.858904113726734,5.572289154891513
9,4,4,22.71301560014009,28.546405918148075
9,4,5,16.03992495581647,9.277905880772783
9,4,6,27.364903378189037,16.414911394365653
9,4,7,27.87180591376655,27.19070429839593
9,4,8,3.375628142563082,21.9228439138291
9,4,9,4.560454086719995,0.2572467287279717
9,4,10,4.176863195603595,26.21757861618108
9,4,11,12.356510936986844,18.258463296795163
9,4,12,21.434773977613357,29.508953812895484
9,4,13,25.141880963824356,6.645890434956316
9,4,14,9.820636130344486,17.25912154827411
9,4,15,26.75658583525874,25.60256783670812
9,4,16,11.223492469978439,27.32471899442657
9,4,17,11.651857251108407,18.960065249391988
9,4,18,25.9950542944253,7.0392784098868555
9,4,19,0.9471043939108698,21.959851971966376
9,4,20,6.946720707562672,26.604938473434984
9,4,21,28.32696164884381,25.00157864675846
9,4,22,12.02021987810713,6.090177025591659
9,4,23,29.07620615787216,8.542267262583808
9,4,24,21.222226790834206,13.02616181912073
9,4,25,6.987386298346871,4.682945523264054
9,4,26,22.674535768426157,2.0765323999409144
9,4,27,10.113882630097487,0.20547825613371817
9,4,28,0.08577872041183932,1.2033336968357111
9,4,29,4.771566703552081,13.749049524636165
9,4,30,18.015977280749176,27.399780861909605
9,4,31,13.375662978041188,4.63433985102229
9,4,32,21.03502432855999,5.686914875634705
9,4,33,15.080192412815467,8.682602520533889
9,4,34,21.228614585010607,21.546293980943894
9,4,35,24.450598177199733,26.220071045571054
9,4,36,8.567434479335414,0.23614369493515475
9,4,37,24.574833596877397,9.496089802492696
9,4,38,26.04343323792825,29.00356625186472
9,4,39,12.388765609740457,26.800625110609637
9,5,0,0.37449333180085753,26.10847084889265
9,5,1,12.506879263782409,23.951646299425345
9,5,2,6.803684998842511,23.91124170854569
9,5,3,2.571512650658141,16.423626619010193
9,5,4,24.258282088168514,10.727796821703619
9,5,5,24.04559332579925,21.24327088268024
9,5,6,8.767496932961853,25.3601965672201
9,5,7,0.13059220593815368,13.473570959298527
9,5,8,15.047113590721832,14.876593214688741
9,5,9,3.295601855871006,4.070489453085158
9,5,10,22.177441743839427,5.457144617114002
9,5,11,14.779557484309281,4.5371854375188985
9,5,12,9.458714123746384,14.80093652251273
9,5,13,7.9482189163278925,5.305450298711009
9,5,14,26.708340403308206,2.8608898138634196
9,5,15,20.63161664501869,21.530904692636035
9,5,16,25.25180666111263,20.212606236377717
9,5,17,29.111599495342514,22.124264478956224
9,5,18,3.1090946860150144,1.1471993324896963
9,5,19,13.653195523016349,18.461919808897974
9,5,20,10.285508144004659,15.997914123162829
9,5,21,2.4903273546429117,14.630599157196313
9,5,22,17.613651024680692,9.963025696076786
9,5,23,6.576850728758672,5.4839355150595015
9,5,24,21.626197374565606,0.674421623873267
9,5,25,14.303026467772632,24.244717383493445
9,5,26,26.63867299210959,15.828337811145428
9,5,27,17.339712955483996,4.228785643570937
9,5,28,6.823086642043023,25.53960308787343
9,5,29,2.3335715530395347,11.652049982098319
9,5,30,24.28487347047882,17.521771925989437
9,5,31,0.30781222093987815,1.478743905336185
9,5,32,19.554359072157602,5.205935527490925
9,5,33,9.585482383723813,28.735083483924747
9,5,34,18.008294667678996,19.59077195284182
9,5,35,9.63866415485451,22.523635498769224
9,5,36,19.675347427725622,8.208562806309647
9,5,37,27.00110148115302,20.93942383121407
9,5,38,28.131084376827516,2.988689316124711
9,5,39,16.878308392752473,28.37839654884844
9,5,40,25.368177140798103,26.841141328703785
9,5,41,1.1223180779245956,12.39927518253733
9,5,42,16.919053867676748,29.13575181003415
9,5,43,18.243405136916696,23.278157046317784
9,5,44,25.600133005165496,5.935619453606888
9,5,45,13.224234598169964,18.694290282157972
9,5,46,1.7164727791853784,2.5517312596392223
9,5,47,28.268749393817817,25.039629137428186
9,5,48,1.1783674638559072,29.642804624821256
9,5,49,27.439713511886392,14.76351748851651
10,1,0,10.941956547474955,5.064739529988519
10,1,1,13.547861682516437,23.381489169365963
10,1,2,15.378560187723963,7.801110916667256
10,1,3,7.361475100685407,24.05776473810417
10,1,4,18.7896904593193,7.829295052178458
10,1,5,6.098351757121564,23.649210106945766
10,1,6,8.598347916743872,14.827824719931701
10,1,7,26.78464655293691,28.40977807570441
10,1,8,20.56754274029297,29.083424400619126
10,1,9,18.791976660236596,20.06220488512347
10,2,0,22.51913466938594,12.58770592470448
10,2,1,17.317383060073887,26.54173341123071
10,2,2,1.4066478938552474,18.113114043085552
10,2,3,7.291957278223861,18.572199804985445
10,2,4,22.021035813514352,21.449778211815897
10,2,5,5.268290810231713,19.371913702406907
10,2,6,28.62651827819063,22.30898031150076
10,2,7,6.874853918813631,15.600886785760418
10,2,8,23.26739942874558,6.735581518951888
10,2,9,15.523673289843357,0.37457493175574397
10,2,10,5.967985545261408,5.106173341713895
10,2,11,15.753645147344733,2.4101937706776777
10,2,12,21.994491194097282,23.95366035819984
10,2,13,21.57267919872517,3.5621783512838623
10,2,14,26.408634636829234,29.99336554875658
10,2,15,0.4569552946344019,13.659085758216326
10,2,16,2.560625449687203,9.226937108117998
10,2,17,2.2807285113673768,28.81109475513953
10,2,18,12.413295784110705,7.658711361893398
10,2,19,3.066725586964096,7.647810143256865
10,3,0,19.76324550386383,15.15426743903538
10,3,1,0.28733228326879356,25.0180186005122
10,3,2,1.1840910441983332,5.587633973301988
10,3,3,22.522769405252497,13.565396624907859
10,3,4,13.93717075817531,20.176256182698506
10,3,5,18.982446111436083,19.16197019587431
10,3,6,23.92819251190312,9.928704489555173
10,3,7,24.171954168384914,19.224240631584475
10,3,8,5.099577956898723,2.7859960800777843
10,3,9,5.150800532664663,1.3854079216706778
10,3,10,5.80983776962971,15.451558083169784
10,3,11,11.591571294976188,27.4028784145913
10,3,12,27.72163852523445,25.740749598632167
10,3,13,21.700717908877806,8.668366690411325
10,3,14,8.486723322614946,18.51638400017272
10,3,15,0.9924778325166067,29.422384868611683
10,3,16,3.915727893522721,0.9271269103383395
10,3,17,4.678191536455879,14.032267702912437
10,3,18,3.5539998735997296,22.871034564921484
10,3,19,18.6998792370811,12.261117709591641
10,3,20,17.44186483809344,7.0644037865210025
10,3,21,6.641972048156061,13.929458431730911
10,3,22,28.998076316389593,26.08600463909059
10,3,23,25.177499524389567,29.45040480669057
10,3,24,10.160896948333091,26.62866077752424
10,3,25,29.207421943503718,25.593692438328933
10,3,26,14.851632691302987,12.518576853834414
10,3,27,28.272826765440065,24.340343114246963
10,3,28,29.521145721761002,11.308021240648696
10,3,29,17.257084065089963,11.267657054310641
10,4,0,27.085717885023268,12.354354161234603
10,4,1,11.023887710923413,28.53619549929155
10,4,2,18.13589060560269,6.886860349300213
10,4,3,1.748746118335451,28.475796998760522
10,4,4,0.7914788678940393,7.16025597183602
10,4,5,12.281103442260761,3.3978243905415857
10,4,6,22.000396813266125,13.988323176289681
10,4,7,2.466082936183181,24.85545747351161
10,4,8,6.507658842828663,23.499078883581944
10,4,9,14.753508097704945,9.20955459487849
10,4,10,5.21278192970632,12.353283399177286
10,4,11,0.7552429045402986,12.31044241150169
10,4,12,20.43839694838642,12.126086083405363
10,4,13,16.566817771502272,24.880764580905332
10,4,14,1.7983664020906813,23.200435231081954
10,4,15,7.97182371283958,20.159365298365284
10,4,16,14.07473592976974,6.868934916510419
10,4,17,4.445364202699325,10.38016883919982
10,4,18,20.992781768804022,18.220438311950332
10,4,19,16.780636432636673,17.58785815419543
10,4,20,27.014710506050474,15.486651690707804
10,4,21,19.901920587866663,16.008512701358416
10,4,22,8.94122932857459,27.314715259487112
10,4,23,15.162166254527945,23.922710692528643
10,4,24,16.270325128129603,4.549288362739244
10,4,25,27.398266112871966,26.08300015699549
10,4,26,18.31858044669096,10.257996777530149
10,4,27,23.652860716990503,22.98437813927182
10,4,28,4.3191801401398875,25.99500160833935
10,4,29,20.262286640025234,5.714869105025999
10,4,30,21.95972547250331,16.548975133125726
10,4,31,6.468508046873368,5.388131204740355
10,4,32,27.613630656043608,14.006241345022051
10,4,33,4.499131046655339,28.973323714642213
10,4,34,29.708523405910853,23.519614459741206
10,4,35,22.23198148379763,1.7796564861237045
10,4,36,7.392293767992369,24.879920324096503
10,4,37,14.545854491969655,8.66447631516634
10,4,38,19.922692241964178,5.7691661396815235
10,4,39,3.89506258425621,3.7928717737516675
10,5,0,14.201343670383611,9.341301048597616
10,5,1,9.892589724769907,6.272171822441995
10,5,2,16.261914933890743,3.472128206479472
10,5,3,1.5881147731969398,28.18995323517711
10,5,4,17.196543849042243,19.87816794414317
10,5,5,2.3521905797520852,29.014561712512354
10,5,6,27.524208085416056,8.74878588468835
10,5,7,5.1870914761563744,1.805813681836335
10,5,8,27.367072764068237,23.595633009285237
10,5,9,6.197587758115793,18.47070954565272
10,5,10,25.972446960647083,19.62702422234226
10,5,11,20.685607280745526,29.48620814729621
10,5,12,11.749469744340715,4.608246255319063
10,5,13,14.854984556904725,6.257901278468648
10,5,14,12.409532246058689,28.74630816798099
10,5,15,26.28596823455682,18.76753901322602
10,5,16,23.10444797685461,19.07997908016534
10,5,17,27.669988636353366,15.09568565109886
10,5,18,3.9889267594817817,8.196878125921865
10,5,19,9.052932097516814,2.564046036312724
10,5,20,28.46946970271683,2.031893051920362
10,5,21,25.161571068424415,22.260308587641063
10,5,22,9.872397364463602,25.972295395546737
10,5,23,0.38654398146526714,2.403384014647594
10,5,24,27.493945733613423,15.589041213624785
10,5,25,18.507192496395962,5.893426633397685
10,5,26,21.46952559511522,29.67532180585285
10,5,27,6.00318413774508,3.3401411868462745
10,5,28,10.066397356289642,14.077946752096956
10,5,29,21.426868557731932,22.711431638268895
10,5,30,0.628728250743863,24.531215352928648
10,5,31,12.081450645689687,2.717749185751242
10,5,32,15.355616304667775,0.42978641366481773
10,5,33,24.92578023965935,0.7593370840361119
10,5,34,5.9288897314673665,18.306690063681284
10,5,35,2.7266830082604288,28.292726581940176
10,5,36,22.96941027526398,27.663184879292146
10,5,37,24.036741629498817,0.590877505392291
10,5,38,10.92556281509469,10.320683356111932
10,5,39,28.725910987758336,20.927329462084575
10,5,40,5.323465252298311,23.355607699125528
10,5,41,26.359244674132512,14.620358940728272
10,5,42,10.137343876561104,22.536409307495646
10,5,43,2.523054836497773,21.04815949775734
10,5,44,6.28774313853182,24.447309816520615
10,5,45,20.896558613391015,13.026142859204011
10,5,46,17.445286707223293,8.609247991035156
10,5,47,16.50368345584315,13.896956969342773
10,5,48,15.248887209488968,6.294410742102155
10,5,49,1.0516220946188541,29.371770133791507
